Position,Company,Location,URL
full details of Python Software Engineer,RBA Consulting,Minnesota,https://www.indeed.com/rc/clk?jk=01f15002bf18d738&fccid=9f757a740a271f80&vjs=3
full details of Software Engineer (Python),Wellfound,Remote,https://www.indeed.com/rc/clk?jk=09f3ad305c566cac&fccid=b45d84280e003712&vjs=3
full details of Senior ETL QA Automation Engineer (Python & SQL experience needed),HealthVerity,None,https://www.indeed.com/rc/clk?jk=124c0cab844975c2&fccid=6b1be984647e492b&vjs=3
full details of Quantitative Research Analyst - Jersey City  NJ,Stevens Capital Management LP,None,https://www.indeed.com/company/Stevens-Capital-Management-LP./jobs/Quantitative-Research-Analyst-940f6246196a8304?fccid=d4dc9cc474c7856c&vjs=3
full details of Touchstone Grader - Java/Python (Part-Time),Capella University,Remote,https://www.indeed.com/rc/clk?jk=a3f0d6fce40e2382&fccid=a0b8910f4e156a97&vjs=3
full details of Touchstone Grader - Java/Python (Part-Time),Strayer University,Remote,https://www.indeed.com/rc/clk?jk=e5cb290afa5beda7&fccid=2520a0711cf7c712&vjs=3
full details of Python Developer,Paktolus,Remote,https://www.indeed.com/rc/clk?jk=df1cce3cc988f374&fccid=3095e1b2ada9dd27&vjs=3
full details of Data Engineer 1 (AWS  SQL  Python),The Travelers Companies  Inc.,None,https://www.indeed.com/rc/clk?jk=dc626e5928de4b80&fccid=614604a6208fa23b&vjs=3
full details of Touchstone Grader - Java/Python,Strategic Education  Inc.,Remote,https://www.indeed.com/rc/clk?jk=b9557441b9c310be&fccid=aca27ed9e11b6007&vjs=3
full details of Python/Software Engineer/AWS,JPMorgan Chase Bank  N.A.,None,https://www.indeed.com/rc/clk?jk=93ccc1016b68cf31&fccid=aaf3b433897ea465&vjs=3
full details of Junior Python Software Engineer,Ascend Analytics  LLC,None,https://www.indeed.com/rc/clk?jk=64bcdde8b93c129f&fccid=a9aee28181eb4b72&vjs=3
full details of Python and Airflow Developer,Capgemini,None,https://www.indeed.com/rc/clk?jk=44e20900df0e9bfa&fccid=105ecfd0283f415f&vjs=3
full details of Full Stack Web Developer - Entry Level,Aston Technologies Inc.,Saint Louis Park  MN,https://www.indeed.com/rc/clk?jk=76785349a91f064f&fccid=88ec800e5d6a06b9&vjs=3
full details of PYTHON DEVELOPER,Pythonwise,Seattle  WA,https://www.indeed.com/rc/clk?jk=1a20a1c56fb7df73&fccid=fe0035950dcdac14&vjs=3
full details of Middle/Senior Python Developer (archived),Volya Software Corporation,Remote,https://www.indeed.com/rc/clk?jk=a93f5fb510b0d7bd&fccid=a169b6489ca1abe8&vjs=3
full details of Pyspark/Python Developer,TRA'BIAN ENTERPRISES,Remote,https://www.indeed.com/rc/clk?jk=6675203ec4aa5879&fccid=acfaa464fb995fc7&vjs=3
full details of Python Developer Tools Engineer,Jane Street,New York  NY,https://www.indeed.com/rc/clk?jk=56fd645cd345b747&fccid=0e38ef958e252f1e&vjs=3
full details of Software Engineer (Remote-US),GetSetUp,Remote in Utah,https://www.indeed.com/rc/clk?jk=f1707b0c25fe965b&fccid=f0f5d82724f1ee29&vjs=3
full details of Software Developer  Junior,Booz Allen Hamilton,None,https://www.indeed.com/rc/clk?jk=b8f6807751984821&fccid=4e041af1d0af1bc8&vjs=3
full details of Frontend Engineer (Remote),Frontdoor,Remote in Portland  OR 97240,https://www.indeed.com/rc/clk?jk=25f2bd79bccc6437&fccid=e064eb2c7274ff10&vjs=3
full details of Fullstack developer - Python/Django,CybeReady Learning Solutions,Remote,https://www.indeed.com/rc/clk?jk=8042b8713c7a1d15&fccid=589362c7667100a9&vjs=3
full details of Data Scientist  CV/NLP,Ancestry,None,https://www.indeed.com/rc/clk?jk=7f60bf9274534aee&fccid=8a644f7a25dca5dc&vjs=3
full details of Software Engineer,BlueConduit,Remote,https://www.indeed.com/company/BlueConduit/jobs/Software-Engineer-fe3852be059865c5?fccid=62bec6a952a8f256&vjs=3
full details of Deep Learning Tools Developer - New College Grad 2023,NVIDIA,None,https://www.indeed.com/rc/clk?jk=f7b313f8851576dd&fccid=c267f29f0f85e8b8&vjs=3
full details of 2023 IT Trainee Program,JBS USA Food Company,Greeley  CO 80634,https://www.indeed.com/rc/clk?jk=e34a77b8d648cdf6&fccid=b8ee0337c9362d13&vjs=3
full details of K12 Software Engineer,Rice University,Remote in Houston  TX,https://www.indeed.com/rc/clk?jk=3d2f615d15df40d4&fccid=a3d79a6d43cd3473&vjs=3
full details of Python-Developers,Celandyne Software Solutions,Santa Clara  CA 95050,https://www.indeed.com/rc/clk?jk=e004e922fdd74fe6&fccid=9f95445de55b4b50&vjs=3
full details of Software Engineer - Python,Tenable,None,https://www.indeed.com/rc/clk?jk=852c16b0a5001d54&fccid=274de80e5a5db985&vjs=3
full details of Research Scientist  Autonomous Vehicles - New College Grad,NVIDIA,None,https://www.indeed.com/rc/clk?jk=a0eac38ceffee631&fccid=c267f29f0f85e8b8&vjs=3
full details of Python Data Engineer,EZOPS,New York  NY,https://www.indeed.com/rc/clk?jk=ccdb4534b96d100d&fccid=83b453dda033f016&vjs=3
full details of Python Developer,Rapid IT,Remote in United States,https://www.indeed.com/rc/clk?jk=7e151776a98a021f&fccid=eedc95b3a1b55a25&vjs=3
full details of Information Technology Teacher (Python Programming),Wake County Schools,Cary  NC 27518,https://www.indeed.com/rc/clk?jk=1006658bde295346&fccid=e0967b15002e2d30&vjs=3
full details of Python Developer,SoftTeco,Remote,https://www.indeed.com/rc/clk?jk=c617ec74f3f12679&fccid=c6b20599df5549a6&vjs=3
full details of Python Developer,NCube,None,https://www.indeed.com/rc/clk?jk=6ac4427e1c0b048d&fccid=468ec7cc9189b378&vjs=3
full details of Full Stack Python/Django Engineer (Remote  US),Loveseat,Remote in Austin  TX 78754,https://www.indeed.com/rc/clk?jk=7acfc46619de8796&fccid=4db842155bf46447&vjs=3
full details of Python Backend Developer Sr /...,Blockchain Talents,None,https://www.indeed.com/rc/clk?jk=4c1e2988b22fa223&fccid=734623aba8b7a021&vjs=3
full details of Sr. Network Engineer (Ansible  Terraform  Python),FreeWheel,Philadelphia  PA 19103,https://www.indeed.com/rc/clk?jk=9e9f010c547cdf0a&fccid=479c75c627f8dd06&vjs=3
full details of Software Engineer I,Corteva,None,https://www.indeed.com/rc/clk?jk=e150a4e910eca3b9&fccid=d2536e400fa1f147&vjs=3
full details of Junior Frontend Engineer,The Veloz Group,Remote,https://www.indeed.com/rc/clk?jk=be8ebda8ac2ae04f&fccid=209baba20337df7e&vjs=3
full details of Part-time Instructor – Prep,Capella University,Remote,https://www.indeed.com/rc/clk?jk=7f83ce72ef860d71&fccid=a0b8910f4e156a97&vjs=3
full details of PYTHON DEVELOPER,OC10,None,https://www.indeed.com/rc/clk?jk=f26b8209c93fdd28&fccid=5eee84779c216665&vjs=3
full details of Python Engineer (Full Stack) *100% REMOTE in US*,MassMutual,None,https://www.indeed.com/rc/clk?jk=61f0b7b484057d5a&fccid=430cffbf1c607717&vjs=3
full details of Python Fullstack USA- OPT,Veridic Solutions,None,https://www.indeed.com/rc/clk?jk=c6ffb1ab3901b613&fccid=2e5262cf6ed0d140&vjs=3
full details of Python Developer,Cloud Info Global,United States,https://www.indeed.com/rc/clk?jk=932a091051dd95b0&fccid=f4b196c987ebf8cd&vjs=3
full details of Analyst - SQL  DBT  Metabase  Python,Invisible Technologies,Remote in New York  NY,https://www.indeed.com/rc/clk?jk=2e9c6386b758ddd6&fccid=c34504270a486ed1&vjs=3
full details of Solutions Architect  WWFO - New College Grad,NVIDIA,None,https://www.indeed.com/rc/clk?jk=6020f62da83de664&fccid=c267f29f0f85e8b8&vjs=3
full details of PYTHON DEVELOPER (EMM SUPPORT TEAM),Talan,None,https://www.indeed.com/rc/clk?jk=3a6f1d02ea7202aa&fccid=9b33f1f43112d3cb&vjs=3
full details of Sr Python Backend Web Developer,Justpoint,Remote,https://www.indeed.com/rc/clk?jk=005206062620f73f&fccid=fb33d4ff6ced4f47&vjs=3
full details of Sr. Full Stack Software Engineer (Python/JavaScript),CBOE,Remote in New York  NY,https://www.indeed.com/rc/clk?jk=e0947280ed165391&fccid=c27a7611375e8518&vjs=3
full details of Software Engineer I (Remote),TDS Telecom,Remote,https://www.indeed.com/rc/clk?jk=c18dbc63d8cfaf77&fccid=dda4b02c128db1bd&vjs=3
full details of Senior Python Software Engineer,Nasuni,None,https://www.indeed.com/rc/clk?jk=12cd9833ae3a92da&fccid=cf7074811ce1bd34&vjs=3
full details of Senior Developer Advocate,Discord,Remote,https://www.indeed.com/rc/clk?jk=e76bd66a7344e071&fccid=f2ab4689def17626&vjs=3
full details of Python Developer Relations Engineer,Platform.sh,Remote,https://www.indeed.com/rc/clk?jk=cc03490ed7e977da&fccid=c14cbd408fdaed45&vjs=3
full details of Customer Success Engineer,Tektronix,Remote in Ohio,https://www.indeed.com/rc/clk?jk=48d376dbb44f6bba&fccid=0ab42c4503235145&vjs=3
full details of Staff Software Engineer - Premium Products,Discord,Hybrid remote in San Francisco  CA 94107,https://www.indeed.com/rc/clk?jk=32a1e9f70d5cac92&fccid=f2ab4689def17626&vjs=3
full details of Artificial Intelligence Scientist  Senior,Zebra Technologies,Remote in Frisco  TX,https://www.indeed.com/rc/clk?jk=299284faf551e981&fccid=cc39af3a7bb5a4d8&vjs=3
full details of Data Scientist  Personalization,Pinterest,Remote,https://www.indeed.com/rc/clk?jk=b68063cc5b595bbb&fccid=43014b1412e0a7b6&vjs=3
full details of Senior Data Scientist,Ericsson,Santa Clara  CA 95054,https://www.indeed.com/rc/clk?jk=7c1454bffaf30ae4&fccid=82656d64a9a3e6a7&vjs=3
full details of Python Developer,Saraca Solutions,Harrisburg  PA,https://www.indeed.com/rc/clk?jk=b94c6dede01db319&fccid=3f5363b03c994c29&vjs=3
full details of Python developer,Libsys,Remote,https://www.indeed.com/rc/clk?jk=7c5d6103bc88f97e&fccid=345b0693bf04d41f&vjs=3
full details of Integrity Analyst,Pinterest,Remote,https://www.indeed.com/rc/clk?jk=cc3d700466b7c942&fccid=43014b1412e0a7b6&vjs=3
full details of Full Stack Engineer (Python & React),mindit.io,Remote,https://www.indeed.com/rc/clk?jk=d7e384edd39c8e32&fccid=36d16790493e690e&vjs=3
full details of Member of Technical Staff –Networking and Security - Opportunity for Working Remotely Palo Alto  CA,VMware,None,https://www.indeed.com/rc/clk?jk=ae606235ab60d61d&fccid=c762a27145bd166e&vjs=3
full details of Senior Python Software Engineer  Contractor – Full Time  Russian Speaking,SupplyShift,Remote,https://www.indeed.com/rc/clk?jk=3904bfb94d183d76&fccid=8ba99ce86e9c4e82&vjs=3
full details of Python Developer,Pinnacle Reliability,Remote,https://www.indeed.com/rc/clk?jk=b62dee730174a2f6&fccid=7554a13fa3228843&vjs=3
full details of Manager  Online Customer Experience (Remote),Home Depot / THD,Remote in Atlanta  GA 30301,https://www.indeed.com/rc/clk?jk=c93d87f2d6157eef&fccid=82e58e9861d48566&vjs=3
full details of Back End Python Engineer,Assetario,Remote,https://www.indeed.com/rc/clk?jk=ac9c946a16a1b443&fccid=dd616958bd9ddc12&vjs=3
full details of Sr. Software Engineer (Remote),Charles Schwab,None,https://www.indeed.com/rc/clk?jk=ac2044301b93b675&fccid=3c74eafe288fc8ca&vjs=3
full details of Cybersecurity Analyst II (Remote),Home Depot / THD,Remote in Atlanta  GA 30301,https://www.indeed.com/rc/clk?jk=705740d6e09e834c&fccid=82e58e9861d48566&vjs=3
full details of Level 3 Support Engineer,Blue Sky eLearn,Remote,https://www.indeed.com/rc/clk?jk=3f3887d205f32368&fccid=2133ed3ecbc07e11&vjs=3
full details of Cloud Python Developer,Comcast,None,https://www.indeed.com/rc/clk?jk=76ccd2eca060d4a2&fccid=ea25315ee9da22e5&vjs=3
full details of Software Developer  Python/SQL  nControl,NANOTRONICS IMAGING INC,None,https://www.indeed.com/rc/clk?jk=58220c2bef2cfacb&fccid=f73d2aae691db745&vjs=3
full details of Sr. Data Scientist,Corteva,None,https://www.indeed.com/rc/clk?jk=f81a23020f2c08f7&fccid=d2536e400fa1f147&vjs=3
full details of Back-End Python/PHP Developer (Contract),ServiceRocket,Remote,https://www.indeed.com/rc/clk?jk=a2acf8d6c92b85eb&fccid=a2efb32c28add4ac&vjs=3
full details of Python (Django/Flask) Developer,Trood,None,https://www.indeed.com/rc/clk?jk=a5fe3ba2a2ecdbe2&fccid=dd616958bd9ddc12&vjs=3
Full-stack Developer (Python/React) ,Lemon.io,Latin America Only/Europe Only/UK Only/Canada Only,https://weworkremotely.com//remote-jobs/lemon-io-full-stack-developer-python-react
Full Stack Software Engineer (React / Python),Trustworthy,Anywhere in the World,https://weworkremotely.com//remote-jobs/trustworthy-full-stack-software-engineer-react-python
Senior Open Source Developer & DevOps (Python  Django  React  AWS/OpenStack),OpenCraft,Anywhere in the World,https://weworkremotely.com//remote-jobs/opencraft-senior-open-source-developer-devops-python-django-react-aws-openstack
Senior Python Engineer: Long-term job - 100% remote,Proxify AB,Anywhere in the World,https://weworkremotely.com//remote-jobs/proxify-ab-senior-python-engineer-long-term-job-100-remote
Senior Full-stack Engineer with Python,NannyML,Anywhere in the World,https://weworkremotely.com//remote-jobs/nannyml-senior-full-stack-engineer-with-python
(Senior) Python Full Stack Software Developer,Optimile,Europe Only,https://weworkremotely.com//remote-jobs/optimile-senior-python-full-stack-software-developer
Python Developer,Input Logic,Canada Only,https://weworkremotely.com//remote-jobs/input-logic-python-developer
Python Platform Engineer,Doximity,Americas Only,https://weworkremotely.com//remote-jobs/doximity-python-platform-engineer
